id,timestamp,tx_count
0000000000000000000b08b8e70eadfe3c231d7a803687612cfd2bb9ec02e8cd,1612883790,3242
0000000000000000000a985eaac170482e320fc53a9c64263e841eceb0e6a3cd,1612884609,2929
000000000000000000036a63b0b4d7038ca1874f8c42696e5f92108c21fdf078,1612885126,3170
0000000000000000000c70d8fbffc4518182b60f850652a71877eeb3a1753ff9,1612885305,3191
0000000000000000000c17c5d1ccb6f42a1f4f2eb853d18cb0bbe48538df7ac5,1612886159,2426
000000000000000000075e9239813483dc34769d20abde6bb42c8d3a76b9a4d4,1612886564,2224
0000000000000000000b8c4102d7148d1817ff14d3795aeb2b9189e4387b6828,1612887271,1855
00000000000000000006021c9242db1e2ebf85bbc50182aeba53cf4da4aae7f6,1612888183,1804
0000000000000000000b27eac5b03aa78d718807d0ae5aabc978194ce86ad319,1612888663,2113
000000000000000000056e815a8bc1ff99107385e226d3f18096a88f7a1d1905,1612889114,2859
00000000000000000004fe6d7750d2941f0d0d5d7a00cfb416cb573d1ee7dca9,1612889136,1620
00000000000000000009c0626977ed5d1f4b56c75e096e59f973af5f977fbf46,1612889799,2541
0000000000000000000a3b7fbfe027010a3ad60c54ace2103bb3e6a51e246277,1612889825,1416
000000000000000000069faedac322837310d9fc71e3f7f4dab7a28b53f1adde,1612890230,2720
0000000000000000000a52634310d2d195a06ae97f4f9d8dacee087c86612c68,1612891766,3089
000000000000000000023119773b0e89c5c837221dbc8edd149c618ce95b3ab9,1612892724,2595
00000000000000000003ee3a227ce8e6fae370f37b13e8b214bdf8be7525b967,1612892881,2816
0000000000000000000b3fcf0823ccd40401d5a0cec8c9c22f9b8a763823bbf8,1612893249,2804
0000000000000000000879942e5edc9b3342741d4abafd333019638f9d74b0ca,1612893368,2996
000000000000000000032ad73611b9063f6f2d5afaddffcf7650d7487eec55d9,1612893784,1691
000000000000000000084a31cbbacbc5c5a9d8da3656ebab24a0935dcb394ee7,1612893889,846
000000000000000000013eb46f54d3af15778a44abe7429bfc2f768a44b65801,1612893948,2400
000000000000000000028866ffe0bb04de9bf6dc47116d404ad1b8a979c2ade6,1612894428,2514
00000000000000000000320bd6ca6d7948612793b99307f0bd386a0ebdb39fc6,1612894629,2545
0000000000000000000ad30ddf15ff0e5686824cc9935d9446cd1c90110a7d78,1612895680,2635
00000000000000000009927d4ae844d877ed411ec806bd56f4ed0662b515d11e,1612895989,3055
0000000000000000000173fbc6259999e56da82f267481d7d388a12a660dd15b,1612896702,2790
0000000000000000000b9b5c21c0ec5221a00a9c8bb9625c268a428c8f080968,1612897549,2978
000000000000000000069237bbafea14ba06f7bdc5e192aa38875ca3fc0d0cd9,1612898316,2827
000000000000000000064ec839564cc03166184f0a404d82cad9c655f714d886,1612900436,3189
0000000000000000000d0df5c8ee051e69af2a4e86b036c2165c0cb3c2287c20,1612901006,2230
0000000000000000000b40c4794ff3140d942e494463248071c92158371cf432,1612902071,2400
00000000000000000009d968473bedd72f92cff34c04562b56345ab672210fad,1612903224,2754
00000000000000000007ae7dd0322254aa0e26f5ef16521651ace5db707ceac2,1612903407,3464
0000000000000000000b63198d182c4ff44034af8664027e7e9e2eebb1ac16ef,1612903679,2833
000000000000000000096558f1c81d4579d35247f54a21952c3c968909f1a8d7,1612904098,2894
00000000000000000002c73a9942ba2f75b183a998aa27312401497861e82c4e,1612904374,1297
00000000000000000002330551f1b6c3e7f5ee556c7399a077f829939688e7f7,1612905409,2725
0000000000000000000c9bb6b1c4386ae7e4a7cc744e9cd35fc957d09fe57650,1612905632,2547
00000000000000000005f1d3838bba9d900fc84767fe14d6881b8fc6a66def0b,1612905906,2431
0000000000000000000bceffdab85e9b9a963f9c7675e00c2b6702ed7d4a5f08,1612906632,2786
000000000000000000065070cc8cf27cebb0e1644c9cf59c2d3ae14c8dc4949d,1612907885,2958
00000000000000000008ed1970e4fa4231ace902d25c6cdc8508bb38061f60ef,1612908817,2282
000000000000000000070760c8ea7f7f408c57b8597903eaac49975e03507acf,1612909173,1110
00000000000000000001eb91f987234e4fe1f46fb4238db2c7d4eac4961dbd9e,1612911507,3027
0000000000000000000961bed70f2a4c60ab7c121c5d5d54d43a042895839912,1612911544,3111
000000000000000000058305356696c72fc4e834ac5cedef95268f8b090504fb,1612912626,2874
000000000000000000046ee44d3cfa6ba970cef179d2f2191abb8f00f02ff6da,1612912838,2859
00000000000000000009c1f0e43d210200a967d229a3cfc2356d4dbd4d0ce5c9,1612912875,3617
00000000000000000003511f5bfc3430ad787d0167b3e28307ee347bb5f3a77c,1612912884,2718
000000000000000000075a1ebc1707d15b18ff5c62a1655fb23682321b3484d6,1612914000,2447
0000000000000000000350a5bcb4ae4c14d8c8e79cbfd3b9d8f294d52731bf82,1612914037,2825
00000000000000000005910196b5d9281bdb8d1ee8fd1ac702439f78d9e6a203,1612914131,1368
00000000000000000009159d84568a4ad7518e8e1e9d498117a6c678a866a1a8,1612914410,2165
00000000000000000007336cd192c7c8960ff85b53f4df461763b4ac390c80f9,1612914904,2897
00000000000000000005bb84be4a7a779d782ca0b51c79b615d160de70e6b254,1612915192,2629
00000000000000000009f3a58ae9dae8db7ae34501cf37ef90c32eaf23349aef,1612916197,1836
00000000000000000001c28304f8ba28cdf688498d731b1cd612ebe0c6da04f6,1612916900,1827
00000000000000000000e889cae2b45c22cc6d97436915ffc1ff4441d90d7a18,1612917164,3161
00000000000000000004493f39f96f30c0f7be6534bde280cd973422b69a56a8,1612917428,1878
000000000000000000017d5329e828ecb57e3f692251a7ae7b3ceaaf561044ce,1612917551,2573
000000000000000000058bfc6da26f777b40085a1132a92f0d69f147147cfda0,1612917833,2932
00000000000000000005958435ca4d963387116c9252b7da8a8d525f6265583d,1612919596,2834
0000000000000000000762e56d9e89b95b5d541f9b8e0ad775182b00caafb7bc,1612919631,2823
00000000000000000000df79fba2ef182731f80e3c646d259c8dbb75a09aa735,1612920128,2634
0000000000000000000663b77898654f309fdb49e3105456c97ca022d6715ba3,1612920267,3559
0000000000000000000b1bd5dedcabaf0358cd17c380f4939abed9ed8a3cb6d7,1612920660,2688
0000000000000000000087d02509dd79ec6f13240544ed574b889196922bcf60,1612920833,2596
000000000000000000017a91bb36020b6712e2aeafcebb0d3091a549e8d956f0,1612921169,2672
000000000000000000090814fdf95acdb01cbb8546b5145ad59188a7643b3681,1612921242,2390
0000000000000000000c98a57d950c326a1fc12a35e89945855df75c4276aad2,1612921452,2045
00000000000000000001af8b8f7486254afa371e9a5290c7cbef38246e57ba23,1612922188,2477
00000000000000000002567eade279d1f61932c381767f323d741612882394f6,1612922708,968
00000000000000000001451e40748a17420910c4804de5aaa40936b35f21c0bf,1612923327,1622
00000000000000000007a2c7ce2be0ae4f4ea4749af6ce7bd4d042ff72db3c2d,1612923524,2854
00000000000000000009ddddee8b68387b8d90e3fe5665c1dcc9b717c3be792b,1612924225,2172
00000000000000000008fed7d0b8fd1ba77ba014a174b234beee859efe0e2d88,1612925015,2547
00000000000000000002cf4d1474c15a1ba182b68f11ac5ee004a3255f7170d1,1612925037,2260
00000000000000000001a94f3687d39c398f692455ab1a2a1174aef6ece2c147,1612926270,2400
00000000000000000003717a3f7a3989db4a8f6d9400f10c3b854efb42659162,1612927443,1827
0000000000000000000557bbde771e35cd07836b3ee96ca17939dba8e0f3269f,1612927497,2099
000000000000000000003f6686057985333542ac7e56e45201063a8dc3880c28,1612927967,2471
000000000000000000084bc771b929b0780276b1c31cec10a96921b1e53b970a,1612928184,2100
00000000000000000003f4110f09cf79740f7c80b154bc85b3a41473779ae320,1612929971,2632
00000000000000000002394627f8dd64596f5524e89d1c3d794673cb8ff0764b,1612930506,2256
00000000000000000007c8c8f3b1077e183ad58ba1ece9b57e5340d230fe4eaa,1612931286,2579
0000000000000000000b9149a821bb79d7ade7487886395d0ffe1c22616a6447,1612931805,2261
0000000000000000000a565422a14bfd3a2e8539b1276cea70beff6c4f2be7f6,1612931930,2505
000000000000000000055b3cfd87fce8e1edb8c8bee1924eeae822ffe774d40f,1612932131,2782
0000000000000000000531c2f37714a3a3637e09547c96a5bf2a1618e7f2a1a3,1612932300,2150
000000000000000000032181f97a73df8c7f1b5c37933ae8c4e23bd326817b71,1612932565,1900
0000000000000000000606a4f3e4c0a2ac57cf07a46b9a5f6cea019bf5790362,1612933393,2349
00000000000000000004c4ef90c10b86e3500eb8cfc16bad4cf5d4eea8db812a,1612934139,2572
00000000000000000009846eda2393ec92f03a7546010aa72263878b8b4c3635,1612934185,2345
0000000000000000000ad46900fe6ca4d2206e9a3d92e2b180e0b1dda7f79cfd,1612934472,1944
0000000000000000000652530495ac51004b5de085972858591a836e5491c667,1612936353,3083
000000000000000000068b1eb21057632a657e53a121c29d9e81aef7da36d6b4,1612936695,2778
00000000000000000009975be99da97c765943cc8916db2d3695b9836b70dbc0,1612938274,2897
0000000000000000000617f3dc2d5a58facc2c5c0df6e26f0a5d9cb32f87274a,1612938317,182
00000000000000000008cd40bc3ac0dd6b3c1318e290b4b7707c893cddc1dd38,1612939322,2248
0000000000000000000a13bc633cb95f2182c2d9ab531049b6faaec077daead1,1612940373,2477
0000000000000000000460a45cf094be03d775d3f4b4cd1bf1b73efd7c8442e9,1612941460,2901
000000000000000000020f7a95d477cd44d2dbae5712540ddb167c4a0d833a3c,1612942231,2211
000000000000000000010cdc7221d6171fa612f011d49858e90e8d753357bcfd,1612942308,2940
000000000000000000044e4c77ec0beeb052a4d880c666af1967292f83339fd5,1612942347,2859
00000000000000000006165f0c2b00eaa55ad30cf8f9806ffe50ad401596b3dd,1612943104,3064
0000000000000000000acc020f1d9bff80c60cacaf8832ebe85d9c3bf30c87f9,1612943191,2694
000000000000000000048776f5c8cff026fee7bd9a90b644c6d7cbd426a7c8c7,1612943426,1980
000000000000000000006c53a5ce2193ff53f8f8e51bd812c25e72dcc6dd59a9,1612943728,1646
00000000000000000004461666a03420099cfd44eb2a03016eb9236163ce09d5,1612943782,1240
00000000000000000007a606cb147344e9cb790df1740b5cfdb945b718a2cca0,1612943876,2425
0000000000000000000693c5f2a784c7f45e48deafd7748c634f12e22b6d171b,1612944453,1248
0000000000000000000c1c0fffcbda2b89d4f4b5386aef532d2df7ff90afafa0,1612946423,2893
00000000000000000007794c8b43b740d21c5e5123e7389d4c3c5d9c102c8ee8,1612946867,2309
00000000000000000000a38230f7c5e5ab9386da40d0106b533e89aa524c7d7f,1612947757,2067
00000000000000000007e1f6d0958e0f378ed0df98d33b6230be30621ad4594d,1612947873,2979
00000000000000000003130fdb0c1ee218875f6cb54b94955a043957e70d3472,1612947989,3036
000000000000000000000a07fb7c49157edcfd86c0d22870b74dbad53250fda0,1612948225,2762
000000000000000000050706c6d5413dceb015182465a1ff302d20d24a7958e3,1612948577,1508
0000000000000000000c4c5e16a15819f15c109430be0b2e8542505ed228a1ed,1612950143,2603
000000000000000000077e8eaa041046ac7f20d7265072d542bf024ce8744c9d,1612950308,2047
00000000000000000009d45ada4522c4fc8dcac4b28994c71f1225c67745e083,1612950511,2695
0000000000000000000a8199abbf793fc8cfe23ff915628a8d6c6178d1033fc0,1612950770,1720
0000000000000000000a2400fd783818912852ffcf918c31c8915b323715c764,1612952482,2792
00000000000000000002c3a44c82f2862c41a029f5f01ee67110188cbae4133a,1612952564,1543
000000000000000000092268e3cf355d088679ca0ee8d1f0748eea23bf1e4559,1612952908,1622
00000000000000000007f6605bb40240267e18152ae4f209d23c7a8024074888,1612953011,3019
0000000000000000000869597141af54a6c4dbe20f347738d4e67dbbebc541cc,1612953244,1577
00000000000000000002c4c4af93743b34c21f3548e7fd04fb58c7c728adef9a,1612956235,3333
000000000000000000077781b37026b4524d11f873152469a98cc8b15d334727,1612956382,2780
000000000000000000092b207d8012200b1d48ee73dbd37b539ee0b5c1c77ea8,1612956615,3065
0000000000000000000a5f28f0505a9bdf23baa068dd7dd61b6c9b4908260515,1612957113,3017
00000000000000000004098f049cdc0c99c0866f91a5252cb1e1439f616f4512,1612957447,2888
00000000000000000006ebec1fc9537cae3ed637672564f5f6aa05526faaeef4,1612958053,2622
0000000000000000000c7dfc37b0e2a241ef71ad7e41485c8c68188923cbed73,1612958693,1401
0000000000000000000c096f3d9aa22152357f93557bfdbec414ebb1d07eef90,1612961256,3283
00000000000000000003de7cc538a226652b1b8bf83dbc38d01e310ff95ac828,1612961298,2099
0000000000000000000411ab5253403532ca82aa6cfe164b4261829155a919f4,1612962571,2842
0000000000000000000b6e4ec17a6236b5e52b6cb2654bdb4697e8007203165b,1612962858,2522
0000000000000000000bd2c263f415193dba6ca89fd004d5066f8e2a48c00406,1612964035,2846
00000000000000000003df8b7962aeeb1bfe62c612916723df4aa9636fc114d2,1612964454,2131
00000000000000000009fa74d668a8772d824c4afa089ea9b5dd4360471284d1,1612964713,2213
000000000000000000008924fcdc4d00e6d0e97d783eefe9bff566b0631ab225,1612964926,2207
0000000000000000000cc6d7078d8bee8015e618a057ea323b3bafb64b916aae,1612965082,2721
00000000000000000003f5ae792f08aaf02562f79f6bd28423d9e2ca9f87e531,1612965968,2350
0000000000000000000c71d3b441a8d61684f1df53326e8a965306c632a8b16a,1612966695,2220
000000000000000000022b0706a1de9365d5b57ce2dca55326b4c55fb174633b,1612966949,1504
00000000000000000006c3a59280c765cf0c494c6aa39e71e4cdefdb0207a6c1,1612967566,3031
00000000000000000003d07fa9dc68ba87973c75f43c6a2711a5cd96e3a7027b,1612968363,2801
000000000000000000070ac0e0b9d1752337b7af020ab6cd4929ddc647d076c1,1612969937,2439
00000000000000000004304e29c1c2abd6e73ae40b3e8f6ccef1da30146d7420,1612970181,2024
0000000000000000000cd06dfa84ef7fbb46f0e1b988d8f46e463d263a49d63c,1612971455,2757
00000000000000000006f77d62961be21b04a5942fe9b409d41ee74e0a00e843,1612971667,2229
00000000000000000004d765027ba413303c3a160c1ebe8d287c7d210a1a764f,1612972524,2772
0000000000000000000282060791c9da574764b0d2df011cf10bfc6ee41e981b,1612972635,2987
00000000000000000007a3688746c1d04d1b9619ebdc4813b843fbf995bc9f0c,1612972657,2760
00000000000000000000f2118e5ed174395d72500e8d223990278b983eb87e68,1612972975,1369
00000000000000000005b7b3d05fdaa6beb8275d129b20aba63dc45addacc92e,1612973851,2794
000000000000000000090f78f45e56b442b2d9686c2ff2f9a6cb7dc4fa8c6cb6,1612974755,2910
000000000000000000031c2a32602ba102b3beb2c3af56342a5592cd284b3686,1612975097,2259
000000000000000000061068a4c03a998fa083fbded1eef667c9b026295e7b9f,1612978386,3409
