"#Wallet Poloniex.com (0000059107d044d0), page 1 from 54058, transactions 1-100. Updated to block 668644 (2021-02-01 18:57:37 UTC). Source: WalletExplorer.com"
date,received from,received amount,sent amount,sent to,balance,transaction
2021-02-01 18:57:37,"bd565e00fd900832",2,,,2633.6457786,"83ab3c1b3ea08d0070e3b134d92b5aae7d0fd67a0eb64ff5e76e1a971ce42476"
2021-02-01 18:57:37,"Binance.com (00000b55c1bcbc1f)",0.00121422,,,2631.6457786,"1f78865a9189c7d1e0c6d8e3f6e399e5efaf95cc38baf79095d86b3f89dc119d"
2021-02-01 18:57:37,"a4449bf8ba5563ed",0.00568731,,,2631.64456438,"3774510ef36d92777da95c03be3c7781e8e08148a1028fd1b7fe72c0d8c2e512"
2021-02-01 18:57:37,"0009e0caa9054c28",0.01633868,,,2631.63887707,"954ecd6370b46302dddbf05d9945f57195e1e2e06f5bfd456cd6ccbe1b2a28b9"
2021-02-01 18:57:37,"756fc4079b67926b",0.5,,,2631.62253839,"511753eb09a456dd55109146c925c635a3bf89d7e0cecbd30be0ed19f49f25b9"
2021-02-01 18:57:37,"0dceff14f2e532c2",0.00128951,,,2631.12253839,"e57793c0fa00493765cc8f3c3e4139ec76874ed315f7907240ff5e5e3f579369"
2021-02-01 18:57:37,"Bittrex.com (00001f1606c30662)",0.17,,,2631.12124888,"542268dfb72cb225d7bce4d29a3e8ca573856119ffa4a623168982a855a9a903"
2021-02-01 18:57:37,,,0.01676368,"03ce153c3b84cf7b",2630.95124888,"3768d947f8bb8785dad7d4f4ba2390e78400bd69dde7fc928bdea101cdd1c561"
2021-02-01 18:57:37,,,0.01167487,"c5d928b30d4fb385",2630.95124888,"3768d947f8bb8785dad7d4f4ba2390e78400bd69dde7fc928bdea101cdd1c561"
2021-02-01 18:57:37,,,0.00122696,"(fee)",2630.95124888,"3768d947f8bb8785dad7d4f4ba2390e78400bd69dde7fc928bdea101cdd1c561"
2021-02-01 18:57:37,,,0.2,"a12eff8de94c9574",2630.98091439,"812ae87f8f18c4b465b304f8720bdf703d7d8ad7b63d86f79c5131a31d1eb077"
2021-02-01 18:57:37,,,0.17396,"5256edeb1ea0f944",2630.98091439,"812ae87f8f18c4b465b304f8720bdf703d7d8ad7b63d86f79c5131a31d1eb077"
2021-02-01 18:57:37,,,0.14017394,"00004290d122cf1b",2630.98091439,"812ae87f8f18c4b465b304f8720bdf703d7d8ad7b63d86f79c5131a31d1eb077"
2021-02-01 18:57:37,,,0.00112262,"f9181188c3929231",2630.98091439,"812ae87f8f18c4b465b304f8720bdf703d7d8ad7b63d86f79c5131a31d1eb077"
2021-02-01 18:57:37,,,0.00122696,"(fee)",2630.98091439,"812ae87f8f18c4b465b304f8720bdf703d7d8ad7b63d86f79c5131a31d1eb077"
2021-02-01 18:57:37,,,0.015,"5b72ec40d8619a68",2631.49739791,"9537020f32d6d1c172a5b2577ea20e5513f6a0494c6e878e676deda2a2826f51"
2021-02-01 18:57:37,,,0.0025,"9edd9cf416d9779c",2631.49739791,"9537020f32d6d1c172a5b2577ea20e5513f6a0494c6e878e676deda2a2826f51"
2021-02-01 18:57:37,,,0.00203269,"e5789871fbcb2927",2631.49739791,"9537020f32d6d1c172a5b2577ea20e5513f6a0494c6e878e676deda2a2826f51"
2021-02-01 18:57:37,,,0.0017181,"50aeb426db56d804",2631.49739791,"9537020f32d6d1c172a5b2577ea20e5513f6a0494c6e878e676deda2a2826f51"
2021-02-01 18:57:37,,,0.00122696,"(fee)",2631.49739791,"9537020f32d6d1c172a5b2577ea20e5513f6a0494c6e878e676deda2a2826f51"
2021-02-01 18:57:37,,,0.00641566,"000bfcadf5c26d25",2631.51987566,"4af9133875a7b525ac131e45bd4a4ee50587b138e231e6579425cf1129294346"
2021-02-01 18:57:37,,,0.00512516,"MercadoBitcoin.com.br (000021d2ca83bcd7)",2631.51987566,"4af9133875a7b525ac131e45bd4a4ee50587b138e231e6579425cf1129294346"
2021-02-01 18:57:37,,,0.00122696,"(fee)",2631.51987566,"4af9133875a7b525ac131e45bd4a4ee50587b138e231e6579425cf1129294346"
2021-02-01 18:57:37,,,0.0585,"57539f1b71ebd075",2631.53264344,"e7bc384a6f88b25e392dccd153bb958b2dfb04c0496fa7763c322a7438b08fff"
2021-02-01 18:57:37,,,0.0035,"d77eff83104282d8",2631.53264344,"e7bc384a6f88b25e392dccd153bb958b2dfb04c0496fa7763c322a7438b08fff"
2021-02-01 18:57:37,,,0.00122696,"(fee)",2631.53264344,"e7bc384a6f88b25e392dccd153bb958b2dfb04c0496fa7763c322a7438b08fff"
2021-02-01 18:57:37,,,0.0995,"00004290d122cf1b",2631.5958704,"7ede84ccc499504dae8bfa804b5d1cab84aae89ad55dd4252f6460e074a3be21"
2021-02-01 18:57:37,,,0.00597709,"117a7f54df8a5cd5",2631.5958704,"7ede84ccc499504dae8bfa804b5d1cab84aae89ad55dd4252f6460e074a3be21"
2021-02-01 18:57:37,,,0.00122696,"(fee)",2631.5958704,"7ede84ccc499504dae8bfa804b5d1cab84aae89ad55dd4252f6460e074a3be21"
2021-02-01 18:57:37,,,0.01189453,"0a3cc240b775a6d6",2631.70257445,"51aa741bfa243dbdc0397c62ddd68b7c4776cecf3c4844c9da4283eb824d39d7"
2021-02-01 18:57:37,,,0.00741534,"00103856f30b00ac",2631.70257445,"51aa741bfa243dbdc0397c62ddd68b7c4776cecf3c4844c9da4283eb824d39d7"
2021-02-01 18:57:37,,,0.00122696,"(fee)",2631.70257445,"51aa741bfa243dbdc0397c62ddd68b7c4776cecf3c4844c9da4283eb824d39d7"
2021-02-01 18:57:37,,,0.1505,"00092341a3b9c88d",2631.72311128,"c64de3b3f23975f20e91cb343bb703cb42dad1853d530ce83467c23de02bf19d"
2021-02-01 18:57:37,,,0.13818624,"622dc2f31c461ad6",2631.72311128,"c64de3b3f23975f20e91cb343bb703cb42dad1853d530ce83467c23de02bf19d"
2021-02-01 18:57:37,,,0.00122696,"(fee)",2631.72311128,"c64de3b3f23975f20e91cb343bb703cb42dad1853d530ce83467c23de02bf19d"
2021-02-01 18:57:37,,,0.00526853,"3e5af38767a2c924",2632.01302448,"d26c2aaa77660debb45cd5432421a1ac2bc1b11fcf4a5ca230a8bc45491692da"
2021-02-01 18:57:37,,,0.0048819,"0005f1fd537c392f",2632.01302448,"d26c2aaa77660debb45cd5432421a1ac2bc1b11fcf4a5ca230a8bc45491692da"
2021-02-01 18:57:37,,,0.00122696,"(fee)",2632.01302448,"d26c2aaa77660debb45cd5432421a1ac2bc1b11fcf4a5ca230a8bc45491692da"
2021-02-01 18:57:37,,,0.02829894,"7f4863f945fd49a3",2632.02440187,"315706309d05d88126d2b9886f5d4978973c2aec1ad1fef94229d5c33d154180"
2021-02-01 18:57:37,,,0.0016,"74cbce2f5f4b9dfe",2632.02440187,"315706309d05d88126d2b9886f5d4978973c2aec1ad1fef94229d5c33d154180"
2021-02-01 18:57:37,,,0.00122696,"(fee)",2632.02440187,"315706309d05d88126d2b9886f5d4978973c2aec1ad1fef94229d5c33d154180"
2021-02-01 18:57:37,,,0.2895,"00012ccd05203742",2632.05552777,"2f40153ac44e08083b87fbf8c25a76785369afaa635b2a566cdd9e2b2a2c997d"
2021-02-01 18:57:37,,,0.21752733,"c37934834ae74f1c",2632.05552777,"2f40153ac44e08083b87fbf8c25a76785369afaa635b2a566cdd9e2b2a2c997d"
2021-02-01 18:57:37,,,0.00847562,"68485d9e7cff1792",2632.05552777,"2f40153ac44e08083b87fbf8c25a76785369afaa635b2a566cdd9e2b2a2c997d"
2021-02-01 18:57:37,,,0.00273311,"cbcaf277ff3559b3",2632.05552777,"2f40153ac44e08083b87fbf8c25a76785369afaa635b2a566cdd9e2b2a2c997d"
2021-02-01 18:57:37,,,0.00122696,"(fee)",2632.05552777,"2f40153ac44e08083b87fbf8c25a76785369afaa635b2a566cdd9e2b2a2c997d"
2021-02-01 18:10:16,"11c9496f218cc2bf",0.00414493,,,2632.57499079,"58d975519de270cfc84025507424b5ccfd3d3fa1180a2733898e9d655d654447"
2021-02-01 18:10:16,"43b83c5bfabf52d1",0.00105724,,,2632.57084586,"25ea3a0fb293d0c2601e10d86eadba98387b40cb65c56f4bd98f828403e97695"
2021-02-01 18:10:16,"Binance.com (00000b55c1bcbc1f)",0.7395,,,2632.56978862,"597dcc6ee34cca7fbbb8b3dde9d39a63f1c35309b392a1ced80dde4b14f5c2b4"
2021-02-01 18:10:16,"Bitcoin.de (000086832b7645bd)",0.011,,,2631.83028862,"cb426ba1c91f4785bc6747562fc7bb69b7bfb2a0caf43abd3c03ff1cdb3ea0fd"
2021-02-01 18:10:16,"4237111cb4dd7b1a",0.00143667,,,2631.81928862,"c27b5f4b729d01af01f0bd6535751d566f97d2d5b67e495d431869f47a58d9e9"
2021-02-01 18:10:16,"8ec34c23d15da143",0.0032,,,2631.81785195,"5ee7a327ae87b7fd4aa745d011c3917d8de9aba4f857e6d871e932d5d0fdcede"
2021-02-01 18:10:16,,,2,"8e808f1ee2e8aaae",2631.81465195,"fc55ef19d8f7e246cfe979d42a17fcc998d78fa139f5a9259b9135e12a2f0bc5"
2021-02-01 18:10:16,,,0.0075,"Huobi.com-2 (0000044b60b2c25d)",2631.81465195,"fc55ef19d8f7e246cfe979d42a17fcc998d78fa139f5a9259b9135e12a2f0bc5"
2021-02-01 18:10:16,,,0.00122696,"(fee)",2631.81465195,"fc55ef19d8f7e246cfe979d42a17fcc998d78fa139f5a9259b9135e12a2f0bc5"
2021-02-01 18:10:16,,,0.0055741,"860e360210e13d6c",2633.82337891,"6f751f4b01e6a6f2acfa49487e513f6f4e003f514fe6961d6ea27d7058b4c093"
2021-02-01 18:10:16,,,0.0018,"ef860f07d7709efc",2633.82337891,"6f751f4b01e6a6f2acfa49487e513f6f4e003f514fe6961d6ea27d7058b4c093"
2021-02-01 18:10:16,,,0.00122695,"(fee)",2633.82337891,"6f751f4b01e6a6f2acfa49487e513f6f4e003f514fe6961d6ea27d7058b4c093"
2021-02-01 18:04:06,"00006038455f6b64",0.00498,,,2633.83197996,"0ed194bad3b5394f44be2ad4654aebdf83435b4e631747b31615c175e45ddf3c"
2021-02-01 18:04:06,"4b5ff2101b167edf",2.1508112,,,2633.82699996,"618abda51fbb961ab02a7328cc95a59740507546e6469b74571f277f98858407"
2021-02-01 18:04:06,"cf3572ee153826fa",0.0912074,,,2631.67618876,"752183c50b6446ed51c543d73e8f447e61ff704f742ba8613dbb81360179afe9"
2021-02-01 18:04:06,"30fadbbaa97a5717",0.001,,,2631.58498136,"2394914f1c085a73ae6df3aab3a26f30bd08d8af5545f567af43d9c6a8bcdaba"
2021-02-01 18:01:10,"a3a454dc1aaa6d0f",0.077,,,2631.58398136,"d426bcae131624194eeb492b1fdbb6f7ed85ae68bbb4d4983a9df7ab484f37b8"
2021-02-01 18:01:10,"4f9a89d4b153226c",0.057,,,2631.50698136,"fe919dd2e39107b90728e5f5e788939b9f80b394473b100247137e1c2634e5e6"
2021-02-01 18:01:10,"0000968e180aa5b2",0.48873982,,,2631.44998136,"3c39df4fe88117cb587ef74c58a5559d68b963b3acc6dbe402db087f1fd1af87"
2021-02-01 18:01:10,"f0b658774f9feefc",0.00306905,,,2630.96124154,"22d8e75ce876d69478772443cf884cb6f30d7129fd1b8f17ea19cceb4b1332dd"
2021-02-01 18:01:10,"Bittrex.com (00001f1606c30662)",0.45143213,,,2630.95817249,"8f35fdf9cdd661ee328d4c74f93b68589c9e2c0068445a2a0ca960690e4d367a"
2021-02-01 18:01:10,"c7c89a06a656dedf",0.0013,,,2630.50674036,"d6a39fb48ff5aa95439239c3472c3eb9900660764c1a6a6cf8fb9e04d5bd7158"
2021-02-01 18:01:10,,,0.01333619,"0de59b07da46705b",2630.50544036,"eb5989cebc1920b03a0605150bde9b9d4c6c9c68ac0862fb855902d7e32ed23c"
2021-02-01 18:01:10,,,0.01013404,"55638d2fad214eb1",2630.50544036,"eb5989cebc1920b03a0605150bde9b9d4c6c9c68ac0862fb855902d7e32ed23c"
2021-02-01 18:01:10,,,0.00122695,"(fee)",2630.50544036,"eb5989cebc1920b03a0605150bde9b9d4c6c9c68ac0862fb855902d7e32ed23c"
2021-02-01 18:01:10,,,0.16560169,"0105c2f0f00737f3",2630.53013754,"10c216f186940cd647a715257ca233cc975661cdf0d3eea3a19cd6a35a054d11"
2021-02-01 18:01:10,,,0.0018,"73e5067f2d122511",2630.53013754,"10c216f186940cd647a715257ca233cc975661cdf0d3eea3a19cd6a35a054d11"
2021-02-01 18:01:10,,,0.0009,"1f298b190f88ea4e",2630.53013754,"10c216f186940cd647a715257ca233cc975661cdf0d3eea3a19cd6a35a054d11"
2021-02-01 18:01:10,,,0.00122695,"(fee)",2630.53013754,"10c216f186940cd647a715257ca233cc975661cdf0d3eea3a19cd6a35a054d11"
2021-02-01 18:01:10,,,0.04867744,"8c205c9d96f3738d",2630.69966618,"424aa98ded4d8fe071fc3102e233e8dc00dd44f00143966f3fdfc290d0600683"
2021-02-01 18:01:10,,,0.01096438,"00002db1fda251be",2630.69966618,"424aa98ded4d8fe071fc3102e233e8dc00dd44f00143966f3fdfc290d0600683"
2021-02-01 18:01:10,,,8.1E-5,"ebfb1a260214e487",2630.69966618,"424aa98ded4d8fe071fc3102e233e8dc00dd44f00143966f3fdfc290d0600683"
2021-02-01 18:01:10,,,0.00122695,"(fee)",2630.69966618,"424aa98ded4d8fe071fc3102e233e8dc00dd44f00143966f3fdfc290d0600683"
2021-02-01 18:01:10,,,0.1125,"00002db1fda251be",2630.76061595,"a752f7e35a72f1738081d09be264b67778b869fdae9154bd76e27c0961c31292"
2021-02-01 18:01:10,,,0.00270262,"ecf8fdc07303713b",2630.76061595,"a752f7e35a72f1738081d09be264b67778b869fdae9154bd76e27c0961c31292"
2021-02-01 18:01:10,,,0.00122695,"(fee)",2630.76061595,"a752f7e35a72f1738081d09be264b67778b869fdae9154bd76e27c0961c31292"
2021-02-01 18:01:10,,,0.03113039,"21c0627c2cf41cd4",2630.87704552,"45a08ebb066a43505ab8a92f8143df495c3e0801c22bd548239fe94d889d11a1"
2021-02-01 18:01:10,,,0.00367975,"18404c017a2e99f0",2630.87704552,"45a08ebb066a43505ab8a92f8143df495c3e0801c22bd548239fe94d889d11a1"
2021-02-01 18:01:10,,,0.00339538,"ce154014d2b0377e",2630.87704552,"45a08ebb066a43505ab8a92f8143df495c3e0801c22bd548239fe94d889d11a1"
2021-02-01 18:01:10,,,0.0009,"323874c503336066",2630.87704552,"45a08ebb066a43505ab8a92f8143df495c3e0801c22bd548239fe94d889d11a1"
2021-02-01 18:01:10,,,0.00122695,"(fee)",2630.87704552,"45a08ebb066a43505ab8a92f8143df495c3e0801c22bd548239fe94d889d11a1"
2021-02-01 17:35:32,"865c1d93cde1f428",0.0018962,,,2630.91737799,"dc5ad2f52cb3ab3a8e562758e42aa10db875865f46eb0737445673ab802642af"
2021-02-01 17:35:26,"584f743fde7e217a",0.013596,,,2630.91548179,"de08c865d9d26a014617ff357ce9c809b0178807f403f196729de4410650cf21"
2021-02-01 17:35:26,"Binance.com (00000b55c1bcbc1f)",0.0195,,,2630.90188579,"b5a130e5f9bd01df2022b412f1eb1f84eada1fca32f529100cbe451cf21f67b5"
2021-02-01 17:35:26,"0000968e180aa5b2",0.00129894,,,2630.88238579,"e483cca76f80116847da6da9b7e8dfe794c203adc0648708db91c0a60d97df57"
2021-02-01 17:35:26,"21248bbadc92e0b7",0.32739801,,,2630.88108685,"d51d5e7a27b6df6a1b800f5dc026e072afe6a7d2019cbbf45f00dfbf3b8b8b53"
2021-02-01 17:35:26,"72610a5f85580a0d",0.5,,,2630.55368884,"a9910de32283597937ba4c3e94c32ed4f00c38fafc9a3a4877cd26ae6fc90e70"
2021-02-01 17:35:26,"5c38006a29472633",0.127,,,2630.05368884,"2719cfc26db8699bae4d3c929d5ceeaee52b9ec1fb70337323fa0db9ef31acb9"
2021-02-01 17:35:26,"0000402d95681295",0.00569364,,,2629.92668884,"5180a713fee221347d192a9ebbe9aaee567cd78b7f88599e63f215a1d9921e73"
2021-02-01 17:35:26,,,0.03193985,"2d5a88faba0c66d5",2629.9209952,"a68c97bf8d459f6ce8eab403932fb29dafca8533b2edef76bb50dc2907d57a30"
2021-02-01 17:35:26,,,0.01175,"94db13f8b3f9adcd",2629.9209952,"a68c97bf8d459f6ce8eab403932fb29dafca8533b2edef76bb50dc2907d57a30"
2021-02-01 17:35:26,,,0.00122695,"(fee)",2629.9209952,"a68c97bf8d459f6ce8eab403932fb29dafca8533b2edef76bb50dc2907d57a30"
2021-02-01 17:35:26,,,0.00770374,"000230779116669a",2629.965912,"aeb66967c3c185327f224cfee462e7bb34a41963f774f2ffbb41f707083a3e2a"
2021-02-01 17:35:26,,,0.00657326,"c68b5d1ef6dbe402",2629.965912,"aeb66967c3c185327f224cfee462e7bb34a41963f774f2ffbb41f707083a3e2a"
2021-02-01 17:35:26,,,0.00122695,"(fee)",2629.965912,"aeb66967c3c185327f224cfee462e7bb34a41963f774f2ffbb41f707083a3e2a"
2021-02-01 17:25:24,"182a00e1cc17e4c9",0.02128055,,,2629.98141595,"e16360cb866317ce373fc919a1e8b333d912c8235bc9d5bb8a425bdffe331dc7"
2021-02-01 17:25:24,"987e635be8fa5a7d",0.00307265,,,2629.9601354,"a362eb55665b8baa52a60368d7b218ac0b2ef8fcbef7bf422a33021a6c011e66"
2021-02-01 17:25:24,"8800684727597435",0.00141966,,,2629.95706275,"8199234446b1d6ec8b9fea081ea9f565e78ca6f73987c7b0ac7cd04159973595"
2021-02-01 17:25:24,"25acbb6114c685ba",0.00100818,,,2629.95564309,"4027f71b981fe17fc7db1e3248f1a5579934c767c8620e1f08629f5cb5e60f62"
2021-02-01 17:25:24,"27b50fda3d56d7dd",0.00112386,,,2629.95463491,"72487d6c276bec35a02604c19ab46a4ee2d0a91aa0f0ecdb4b25c969e07dd4b9"
2021-02-01 17:25:24,"3cc8869edb74c9fc",0.00197916,,,2629.95351105,"3f05927b933502541f234932b55406b13dea686dc21da687435ce24e54d687c9"
2021-02-01 17:25:24,"778362643f6ee316",0.00112789,,,2629.95153189,"72a59905c6b7a2b2e5a9c1fb3f35c7a06b1814f0dcf364c7a53a98e45247992a"
2021-02-01 17:25:24,"3f55aa02595ff9be",0.00056836,,,2629.950404,"b4c0f16c34b018baf42602fd4df05028d34fd9f1df00ed957e50f7849d1f9787"
2021-02-01 17:25:24,"fd86abc894f21d41",0.00387805,,,2629.94983564,"4c85cb17501cb5125b5e52cb942dc7d025c818e1a98cc7c4aac1905daa4da8c7"
2021-02-01 17:25:24,"fd12f63ab5328ec0",0.5,,,2629.94595759,"b1024c6140061646b1db22106b70ea28e90cf07a4e9f42bbcce0911d56424a80"
2021-02-01 17:25:24,"0489a4b1dbd48702",0.01298702,,,2629.44595759,"7f995fca0fb8b3499e0eff4e2f6b6e4ae150450b2234c1606834a87d48eb5b2c"
2021-02-01 17:25:24,"90e8edf424a60135",0.0013,,,2629.43297057,"a867c6b238b75857d8fc5879eb9ac40badcb24b0b2c05a95b4e94d3db0d54d19"
2021-02-01 17:25:24,"247699584e70fb60",0.04588775,,,2629.43167057,"a2a3e5dfe60349e79a840a83c5860a50524d4bdeeab29a23dbabec8273bbf8db"
2021-02-01 17:25:24,,,0.10848485,"000086b91e3830f5",2629.38578282,"f17d60210a730b506498520826da525849fa384b2f89b7d7dcf60a273056240a"
2021-02-01 17:25:24,,,0.02275388,"0000baf0aedee069",2629.38578282,"f17d60210a730b506498520826da525849fa384b2f89b7d7dcf60a273056240a"
2021-02-01 17:25:24,,,0.00122695,"(fee)",2629.38578282,"f17d60210a730b506498520826da525849fa384b2f89b7d7dcf60a273056240a"
2021-02-01 17:18:49,"093e1a7234012ee9",0.03220331,,,2629.5182485,"fa570e47dfece62a3af854dc6021568bb30bf9439014521c9bbbe092a824029d"
2021-02-01 17:18:49,"83e820cf73502db7",1,,,2629.48604519,"d0ee1c331ae8d78d3c9eb374dcab2de3a9374048585ea025c4089f4b1326e53c"
2021-02-01 17:19:08,"93ad166e10fbf219",0.00886533,,,2628.48604519,"c571d73fe663e4aa4e7ea93a0d56d111f75429ddd3f15ede7528f794f093f0ab"
2021-02-01 17:19:08,"0ebfbb40c0ee09b8",0.001998,,,2628.47717986,"8fb472d7eb58fd7696ceeec3a15f5346d6c203aab7cfdb4134963a8d12ec09d0"
2021-02-01 17:19:08,"31b7be868885a799",0.00641546,,,2628.47518186,"9f6015f9bfd7acfadef2e2044c4bf66da0e74c97e1888647cce6f4676354d637"
2021-02-01 17:19:08,"1aa2c8ff317f441c",0.01593936,,,2628.4687664,"ef2521c792a69f0312ffc1d5f385c4e385d5001c083216afacef4e322e923bca"
2021-02-01 17:19:08,"6eec60cd48c49dc9",0.04,,,2628.45282704,"1f9bf3cd5c8e3fb3ed73252a1b14234bf0a7fc5c4f7bafb459253bf594df683b"
2021-02-01 17:19:08,,,0.49900001,"00004a2eaca73442",2628.41282704,"ab08d407b6d69d560d8efe1dd4081b042a4ddc4e9d283a8b4f38b885dc652937"
2021-02-01 17:19:08,,,0.00687066,"20cc50617a92c7d2",2628.41282704,"ab08d407b6d69d560d8efe1dd4081b042a4ddc4e9d283a8b4f38b885dc652937"
2021-02-01 17:19:08,,,0.00122694,"(fee)",2628.41282704,"ab08d407b6d69d560d8efe1dd4081b042a4ddc4e9d283a8b4f38b885dc652937"
2021-02-01 17:14:46,"00000dd86b2f6402",0.00594333,,,2628.91992465,"352969b389f4ef06fc05e7899f291c94f3a0cc94b1bc6924a9d60c1e883e84b1"
2021-02-01 17:14:46,"08902d65e060b482",0.00130039,,,2628.91398132,"0547152e20b469e8023d67858b87d0ca20dd451311bd59058ec7c0444d6213c0"
2021-02-01 17:14:46,,,0.0035376,"(fee)",2628.91268093,"4eae6f3b0a9fa27588cee72fc10dfc4973874b583813225956c285410ccd8e3d"
2021-02-01 17:14:46,,,1.96483247,"0478ee6250a694e4",2628.91621853,"50e37468a138e67c2b1613f7d9bba38a2f972ba97434932277f68e41a62b7cda"
2021-02-01 17:14:46,,,0.32906589,"11d1872075a52d54",2628.91621853,"50e37468a138e67c2b1613f7d9bba38a2f972ba97434932277f68e41a62b7cda"
2021-02-01 17:14:46,,,0.0595,"0000908e6c92d002",2628.91621853,"50e37468a138e67c2b1613f7d9bba38a2f972ba97434932277f68e41a62b7cda"
2021-02-01 17:14:46,,,0.02288985,"BitZlato.com (00000b40082c35f0)",2628.91621853,"50e37468a138e67c2b1613f7d9bba38a2f972ba97434932277f68e41a62b7cda"
2021-02-01 17:14:46,,,0.0005,"171167a93b693086",2628.91621853,"50e37468a138e67c2b1613f7d9bba38a2f972ba97434932277f68e41a62b7cda"
2021-02-01 17:14:46,,,0.00122694,"(fee)",2628.91621853,"50e37468a138e67c2b1613f7d9bba38a2f972ba97434932277f68e41a62b7cda"
2021-02-01 17:14:46,,,24.9995,"1ec03f9254367c53",2631.29423368,"0234fe0a8dc0bee0c82ed5b6d02ba8505b76592c084cd4da99c465d4bc2fa615"
2021-02-01 17:14:46,,,0.24950012,"41ebd75d88c26ee7",2631.29423368,"0234fe0a8dc0bee0c82ed5b6d02ba8505b76592c084cd4da99c465d4bc2fa615"
2021-02-01 17:14:46,,,0.15867434,"74fbc6feec78debc",2631.29423368,"0234fe0a8dc0bee0c82ed5b6d02ba8505b76592c084cd4da99c465d4bc2fa615"
2021-02-01 17:14:46,,,0.00274082,"CoinJoinMess (0000117224887ddb)",2631.29423368,"0234fe0a8dc0bee0c82ed5b6d02ba8505b76592c084cd4da99c465d4bc2fa615"
2021-02-01 17:14:46,,,0.00122694,"(fee)",2631.29423368,"0234fe0a8dc0bee0c82ed5b6d02ba8505b76592c084cd4da99c465d4bc2fa615"
2021-02-01 17:10:08,"002e637c6676a3a3",0.00319948,,,2656.7058759,"98180169aae44018fd642caa7a67194da603aa3214e0e86b71135ac1b750208c"
2021-02-01 17:10:08,"428f54b9de4f7aa5",0.04212628,,,2656.70267642,"212d6b5ff85748a260c2a1b484b796446a1c3d8b585bde01576af72af0477771"
2021-02-01 17:10:08,"0453f59994af27b4",0.01141181,,,2656.66055014,"1a4198ec1454a3179c97f8ee0af3ed7e6d0db01820538ce9491141a610cbe7c9"
2021-02-01 17:10:08,"2dc6734abd6d1f00",0.00835797,,,2656.64913833,"8a345c9599062c626b780598a08285e36323daa500d6fc4b3578777daac21b6c"
2021-02-01 17:09:02,"2138da565a68cc6e",0.00459937,,,2656.64078036,"cc83c1f7f0f3a11a9cca60a39069cd54cc435128682109137ebfbe65a8b7248d"
2021-02-01 17:09:02,"Binance.com (00000b55c1bcbc1f)",0.0014351,,,2656.63618099,"cc963b51db1607139224082a8a93faef6d9832a507a786fc7e29e7af330efbbb"
2021-02-01 17:09:02,"002e637c6676a3a3",0.01057784,,,2656.63474589,"f01ffd6d425f30723c817848bc006a7810f987d5eceac775ffba3b5e80ad09b5"
2021-02-01 17:09:02,"14310e7e83bb632e",0.00447825,,,2656.62416805,"81ddec8a0ce2f3a732666ee51f39a952eafc1e328f2894ec6ea9dea2e3438970"
2021-02-01 17:09:02,"000004950069154a",0.1,,,2656.6196898,"4984a5dbf3f0d6e3a9b4bf4619665e477b8392be49f3168445ae92acdea6cc85"
2021-02-01 17:09:02,,,0.07853794,"b9b63ef2ce70ac19",2656.5196898,"361cf35ed37dae572c2a1d7fc02cff63019ffc61bb52180092ae510fc6123062"
2021-02-01 17:09:02,,,0.03234258,"17a709646bcfd58c",2656.5196898,"361cf35ed37dae572c2a1d7fc02cff63019ffc61bb52180092ae510fc6123062"
2021-02-01 17:09:02,,,0.00777395,"11f32bb432cd3388",2656.5196898,"361cf35ed37dae572c2a1d7fc02cff63019ffc61bb52180092ae510fc6123062"
2021-02-01 17:09:02,,,0.00122692,"(fee)",2656.5196898,"361cf35ed37dae572c2a1d7fc02cff63019ffc61bb52180092ae510fc6123062"
2021-02-01 17:09:02,,,0.01072629,"47f32e79cb26a344",2656.63957119,"11c4a23ccb2f402a3e01773ba4f8ef45a3ddb6fd1545cff3a880bd923fb94f37"
2021-02-01 17:09:02,,,0.00703,"BitZlato.com (00000b40082c35f0)",2656.63957119,"11c4a23ccb2f402a3e01773ba4f8ef45a3ddb6fd1545cff3a880bd923fb94f37"
2021-02-01 17:09:02,,,0.00072,"70226aed048ec44f",2656.63957119,"11c4a23ccb2f402a3e01773ba4f8ef45a3ddb6fd1545cff3a880bd923fb94f37"
2021-02-01 17:09:02,,,0.00122692,"(fee)",2656.63957119,"11c4a23ccb2f402a3e01773ba4f8ef45a3ddb6fd1545cff3a880bd923fb94f37"
2021-02-01 16:54:06,"00000e4cdafa14d4",0.09,,,2656.6592744,"38817486f19e376fd3d373098882b65ba65aa00ce279391831aeff9382293c00"
2021-02-01 16:54:06,"0000968e180aa5b2",0.19979853,,,2656.5692744,"1755c645472cf573bc4f0f7899264f99b7706270e57209f5936841be053021df"
2021-02-01 16:54:06,"33a11f6ff9b53d01",0.00056919,,,2656.36947587,"1710d2ad313568ff016b39ac782a305a750a906a5d3dd0564271c6d830debdc5"
2021-02-01 16:54:06,"53c824185736d58f",0.0559541,,,2656.36890668,"7a83883895c1e83a6ce806fa279439e3af4737928ffc6bb4215d2a4646f2a30b"
2021-02-01 16:54:06,,,0.005,"c8a5c383ac1cb3da",2656.31295258,"00a573f2dfcde8d707b600e3420315ef0e0f69bc707ab490211e611a3959cf37"
2021-02-01 16:54:06,,,0.0012,"000086b91e3830f5",2656.31295258,"00a573f2dfcde8d707b600e3420315ef0e0f69bc707ab490211e611a3959cf37"
2021-02-01 16:54:06,,,0.00122692,"(fee)",2656.31295258,"00a573f2dfcde8d707b600e3420315ef0e0f69bc707ab490211e611a3959cf37"
2021-02-01 16:54:06,,,0.0535,"2edfb90d26af6663",2656.3203795,"fd23d18c8b49ea624895d96c7bdf8fb00a27d5d68c787f2b380a0344100822a4"
2021-02-01 16:54:06,,,0.04632255,"00002db1fda251be",2656.3203795,"fd23d18c8b49ea624895d96c7bdf8fb00a27d5d68c787f2b380a0344100822a4"
2021-02-01 16:54:06,,,0.04,"5d93b475236cb225",2656.3203795,"fd23d18c8b49ea624895d96c7bdf8fb00a27d5d68c787f2b380a0344100822a4"
2021-02-01 16:54:06,,,0.03223081,"2efd9935aa1f7ac0",2656.3203795,"fd23d18c8b49ea624895d96c7bdf8fb00a27d5d68c787f2b380a0344100822a4"
2021-02-01 16:54:06,,,0.00249002,"5743338325c06a82",2656.3203795,"fd23d18c8b49ea624895d96c7bdf8fb00a27d5d68c787f2b380a0344100822a4"
2021-02-01 16:54:06,,,0.00122692,"(fee)",2656.3203795,"fd23d18c8b49ea624895d96c7bdf8fb00a27d5d68c787f2b380a0344100822a4"
2021-02-01 16:54:06,,,0.10559198,"409e8504d73b01d9",2656.4961498,"475c1b39c67590183173d1ed807cfd70548692275d2fd260c31ae5299cc2fc33"
2021-02-01 16:54:06,,,0.0017,"31bf877ac36f225c",2656.4961498,"475c1b39c67590183173d1ed807cfd70548692275d2fd260c31ae5299cc2fc33"
2021-02-01 16:54:06,,,0.00122692,"(fee)",2656.4961498,"475c1b39c67590183173d1ed807cfd70548692275d2fd260c31ae5299cc2fc33"
2021-02-01 16:54:06,,,0.13675216,"00000e6843401c9c",2656.6046687,"f82713696856a973a283defca0d7c433eea15cec25dba9d28e16be4ad558bc71"
2021-02-01 16:54:06,,,0.04329782,"0000b7cd81f69744",2656.6046687,"f82713696856a973a283defca0d7c433eea15cec25dba9d28e16be4ad558bc71"
2021-02-01 16:54:06,,,0.00122692,"(fee)",2656.6046687,"f82713696856a973a283defca0d7c433eea15cec25dba9d28e16be4ad558bc71"
2021-02-01 16:41:02,"82e59b069e50946c",0.01554256,,,2656.7859456,"a9be87ff33e43787a8f6e979ec2a3d1ab0de2f162fb20b5a1bee9a1a4ac936e0"
2021-02-01 16:41:02,"0d99359dc2a8f20e",0.02114924,,,2656.77040304,"9181a5a28f1c2e553e191994b39f0ee76db92e6561a36211c2806b8f8e01bcbb"
2021-02-01 16:41:02,,,0.03,"603213b0b2752b05",2656.7492538,"dd8ed33b7d2983cfad4e041061fd0940844a033a240fcf783905a00fd633766c"
2021-02-01 16:41:02,,,0.00587701,"000bfcadf5c26d25",2656.7492538,"dd8ed33b7d2983cfad4e041061fd0940844a033a240fcf783905a00fd633766c"
2021-02-01 16:41:02,,,0.00122692,"(fee)",2656.7492538,"dd8ed33b7d2983cfad4e041061fd0940844a033a240fcf783905a00fd633766c"
